[{
    "name": "sukh",
    "lastname": "kaur",
    "dateofbirth": "sukh@gmail.com",
    "gender": "1",
    "nationality":"Indian",
    "countryofresidence":"Uae"
     },
{
    "name": "mandi",
    "lastname": "kaur",
    "dateofbirth": "mandi@gmail.com",
    "gender": "1",
    "nationality":"Indian",
    "countryofresidence":"Uae"
    },
{
    "name": "tejinder",
    "lastname": "kaur",
    "dateofbirth": "teji@gmail.com",
    "gender": "1",
    "nationality":"Indian",
    "countryofresidence":"Uae"
}]
